-- Known issues
--      The decimal maths is wrong for multiplication and division
--      Decimal display fails when the value is exactly 0
--      I still can't do like SUM(val) / 4.0. Just crashes.
LOAD 'pgx_lower.so';
DROP TABLE IF EXISTS type_test_table;
NOTICE:  table "type_test_table" does not exist, skipping
CREATE TABLE type_test_table (
    bool_col BOOLEAN,           -- BOOLOID 16
    int2_col SMALLINT,          -- INT2OID 21
    int4_col INTEGER,           -- INT4OID 23
    int8_col BIGINT,            -- INT8OID 20
    float4_col REAL,            -- FLOAT4OID 700
    float8_col DOUBLE PRECISION, -- FLOAT8OID 701
    string_col VARCHAR(100),    -- VARCHAROID 1043
    char_col CHAR(10),          -- BPCHAROID 1042
    text_col TEXT,              -- TEXTOID 25
    decimal_col DECIMAL(10, 2), -- NUMERICOID 1700
    numeric_col NUMERIC(15, 5), -- NUMERICOID 1700
    date_col DATE,              -- DATEOID 1082
    timestamp_col TIMESTAMP,    -- TIMESTAMPOID 1114
    interval_col INTERVAL       -- INTERVALOID 1186
);
INSERT INTO type_test_table VALUES
    (true, 100, 1000, 100000, 3.14, 3.14159265359, 'hello', 'fixed     ', 'longer text here', 1245.67, 9865.43210, '2024-01-15', '2024-01-15 10:30:00', INTERVAL '5 days'),
    (false, -200, -2000, -200000, -2.71, -2.71828182846, 'world', 'test      ', 'another text', -9999.99, -1245.67890, '2024-06-30', '2024-06-30 14:45:30.123', INTERVAL '3 months'),
    (true, 322, 21474, 922337203, 1.23e10, 1.23e20, 'special!@#', 'chars$%^  ', 'third text', 9999.99, 9999.99999, '2024-12-31', '2024-12-31 23:59:59.999999', INTERVAL '1 year 2 months'),
    (NULL, NULL, NULL, NULL, NULL, NULL, NULL, NULL, NULL, NULL, NULL, NULL, NULL, NULL),
    (false, 0, 0, 0, 0.0, 0.0, '', '          ', '', 0.00, 0.00000, '2024-02-29', '2024-02-29 00:00:00', INTERVAL '0 days');
SELECT bool_col,
       bool_col = true AS is_true,
       bool_col = false AS is_false,
       bool_col IS NULL AS is_null
FROM type_test_table;
NOTICE:  [PGX-LOWER] Routing through PGX_LOWER compilation
 bool_col | is_true | is_false | is_null 
----------+---------+----------+---------
 t        | t       | f        | f
 f        | f       | t        | f
 t        | t       | f        | f
          |         | t        | t
 f        | f       | t        | f
(5 rows)

SELECT int2_col > 0 AS int2_positive,
       int4_col < 1000 AS int4_small,
       int8_col >= 100000 AS int8_large,
       int2_col + int4_col AS int_sum
FROM type_test_table;
NOTICE:  [PGX-LOWER] Routing through PGX_LOWER compilation
 int2_positive | int4_small | int8_large | int_sum 
---------------+------------+------------+---------
 t             | f          | t          |    1100
 f             | t          | f          |   -2200
 t             | f          | t          |   21796
               |            |            |        
 f             | t          | f          |       0
(5 rows)

SELECT SUM(int2_col) AS sum_int2,
       SUM(int4_col) AS sum_int4,
       SUM(int8_col) AS sum_int8,
       AVG(int2_col) AS avg_int2,
       AVG(int4_col) AS avg_int4,
       AVG(int8_col) AS avg_int8,
       MIN(int2_col) AS min_int2,
       MAX(int4_col) AS max_int4
FROM type_test_table;
NOTICE:  [PGX-LOWER] Routing through PGX_LOWER compilation
 sum_int2 | sum_int4 | sum_int8  | avg_int2 | avg_int4 |   avg_int8   | min_int2 | max_int4 
----------+----------+-----------+----------+----------+--------------+----------+----------
      222 |    20474 | 922237203 |     55.5 |   5118.5 | 230559300.75 |     -200 |    21474
(1 row)

SELECT float4_col > 0 AS float4_positive,
       float8_col < 10 AS float8_small,
       float4_col * 2.0 AS float4_doubled,
       float8_col / 3.0 AS float8_divided
FROM type_test_table;
NOTICE:  [PGX-LOWER] Routing through PGX_LOWER compilation
 float4_positive | float8_small |   float4_doubled   |   float8_divided   
-----------------+--------------+--------------------+--------------------
 t               | t            |   6.28000020980835 | 1.0471975511966667
 f               | t            | -5.420000076293945 |     -0.90609394282
 t               | f            |        24600000512 |            4.1e+19
                 |              |                    |                   
 f               | t            |                  0 |                  0
(5 rows)

SELECT SUM(float4_col) AS sum_float4,
       SUM(float8_col) AS sum_float8,
       AVG(float4_col) AS avg_float4,
       AVG(float8_col) AS avg_float8,
       MIN(float4_col) AS min_float4,
       MAX(float8_col) AS max_float8
FROM type_test_table;
NOTICE:  [PGX-LOWER] Routing through PGX_LOWER compilation
 sum_float4 | sum_float8 |   avg_float4    | avg_float8 | min_float4 | max_float8 
------------+------------+-----------------+------------+------------+------------
   1.23e+10 |   1.23e+20 | 3075000064.1075 |  3.075e+19 |      -2.71 |   1.23e+20
(1 row)

SELECT string_col,
       string_col = 'hello' AS is_hello,
       string_col > 'a' AS after_a,
       string_col < 'z' AS before_z,
       string_col LIKE 'h%' AS starts_with_h,
       string_col || '!' AS concatenated,
       LENGTH(string_col) AS str_length
FROM type_test_table;
 string_col | is_hello | after_a | before_z | starts_with_h | concatenated | str_length 
------------+----------+---------+----------+---------------+--------------+------------
 hello      | t        | t       | t        | t             | hello!       |          5
 world      | f        | t       | t        | f             | world!       |          5
 special!@# | f        | t       | t        | f             | special!@#!  |         10
            |          |         |          |               |              |           
            | f        | f       | t        | f             | !            |          0
(5 rows)

SELECT char_col,
       char_col = 'fixed     ' AS exact_match,
       TRIM(char_col) AS trimmed,
       LENGTH(char_col) AS char_length
FROM type_test_table;
  char_col  | exact_match | trimmed  | char_length 
------------+-------------+----------+-------------
 fixed      | t           | fixed    |           5
 test       | f           | test     |           4
 chars$%^   | f           | chars$%^ |           8
            |             |          |            
            | f           |          |           0
(5 rows)

SELECT decimal_col,
       numeric_col,
       decimal_col > 0 AS decimal_positive,
       numeric_col < 50000 AS numeric_small,
       decimal_col + numeric_col AS sum_decimals,
       decimal_col * 2 AS decimal_doubled
FROM type_test_table;
NOTICE:  [PGX-LOWER] Routing through PGX_LOWER compilation
 decimal_col | numeric_col | decimal_positive | numeric_small | sum_decimals | decimal_doubled 
-------------+-------------+------------------+---------------+--------------+-----------------
     1245.67 |   9865.4321 | t                | t             |   11111.1021 |         2491.34
    -9999.99 |  -1245.6789 | f                | t             |  -11245.6689 |       -19999.98
     9999.99 |  9999.99999 | t                | t             |  19999.98999 |        19999.98
             |             |                  |               |              |                
           0 |           0 | f                | t             |            0 |               0
(5 rows)

SELECT SUM(decimal_col) AS sum_decimal,
       SUM(numeric_col) AS sum_numeric,
       AVG(decimal_col) AS avg_decimal,
       AVG(numeric_col) AS avg_numeric,
       MIN(decimal_col) AS min_decimal,
       MAX(numeric_col) AS max_numeric
FROM type_test_table;
NOTICE:  [PGX-LOWER] Routing through PGX_LOWER compilation
 sum_decimal | sum_numeric | avg_decimal | avg_numeric | min_decimal | max_numeric 
-------------+-------------+-------------+-------------+-------------+-------------
     1245.67 | 18619.75319 |    311.4175 | 4654.938297 |    -9999.99 |  9999.99999
(1 row)

SELECT date_col,
       date_col > '2024-06-01' AS after_june,
       date_col < '2024-12-01' AS before_december,
       date_col = '2024-02-29' AS is_leap_day
FROM type_test_table;
NOTICE:  [PGX-LOWER] Routing through PGX_LOWER compilation
  date_col  | after_june | before_december | is_leap_day 
------------+------------+-----------------+-------------
 01-15-2024 | f          | t               | f
 06-30-2024 | t          | t               | f
 12-31-2024 | t          | f               | f
            |            |                 | 
 02-29-2024 | f          | t               | t
(5 rows)

SELECT MIN(date_col) AS earliest_date,
       MAX(date_col) AS latest_date,
       COUNT(date_col) AS unique_dates
FROM type_test_table;
NOTICE:  [PGX-LOWER] Routing through PGX_LOWER compilation
 earliest_date | latest_date | unique_dates 
---------------+-------------+--------------
 01-15-2024    | 12-31-2024  |            4
(1 row)

SELECT timestamp_col,
       timestamp_col > '2024-06-01 00:00:00' AS after_june,
       timestamp_col < '2024-12-01 00:00:00' AS before_december,
       timestamp_col = '2024-01-15 10:30:00' AS exact_match
FROM type_test_table;
NOTICE:  [PGX-LOWER] Routing through PGX_LOWER compilation
          timestamp_col          | after_june | before_december | exact_match 
---------------------------------+------------+-----------------+-------------
 Mon Jan 15 10:30:00 2024        | f          | t               | t
 Sun Jun 30 14:45:30.123 2024    | t          | t               | f
 Tue Dec 31 23:59:59.999999 2024 | t          | f               | f
                                 |            |                 | 
 Thu Feb 29 00:00:00 2024        | f          | t               | f
(5 rows)

SELECT MIN(timestamp_col) AS earliest_timestamp,
       MAX(timestamp_col) AS latest_timestamp,
       COUNT(timestamp_col) AS unique_timestamps
FROM type_test_table;
NOTICE:  [PGX-LOWER] Routing through PGX_LOWER compilation
    earliest_timestamp    |        latest_timestamp         | unique_timestamps 
--------------------------+---------------------------------+-------------------
 Mon Jan 15 10:30:00 2024 | Tue Dec 31 23:59:59.999999 2024 |                 4
(1 row)

SELECT interval_col,
       interval_col > INTERVAL '1 day' AS more_than_day,
       interval_col < INTERVAL '1 year' AS less_than_year
FROM type_test_table;
NOTICE:  [PGX-LOWER] Routing through PGX_LOWER compilation
 interval_col  | more_than_day | less_than_year 
---------------+---------------+----------------
 @ 120 hours   | t             | t
 @ 2160 hours  | t             | t
 @ 10080 hours | t             | f
               |               | 
 @ 0           | f             | t
(5 rows)

SELECT int2_col::float4 > float4_col AS int_to_float_compare,
       int4_col + float4_col AS int_plus_float,
       decimal_col::float8 AS decimal_to_float
FROM type_test_table;
NOTICE:  [PGX-LOWER] Routing through PGX_LOWER compilation
 int_to_float_compare |   int_plus_float   | decimal_to_float 
----------------------+--------------------+------------------
 t                    | 1003.1400001049042 |          1245.67
 f                    | -2002.710000038147 |         -9999.99
 f                    |        12300021730 |          9999.99
                      |                    |                 
 f                    |                  0 |                0
(5 rows)

SELECT COUNT(*) AS total_rows,
       COUNT(bool_col) AS non_null_bool,
       COUNT(int4_col) AS non_null_int,
       COUNT(float8_col) AS non_null_float,
       COUNT(string_col) AS non_null_string,
       COUNT(decimal_col) AS non_null_decimal,
       COUNT(date_col) AS non_null_date,
       COUNT(timestamp_col) AS non_null_timestamp,
       COUNT(interval_col) AS non_null_interval
FROM type_test_table;
NOTICE:  [PGX-LOWER] Routing through PGX_LOWER compilation
 total_rows | non_null_bool | non_null_int | non_null_float | non_null_string | non_null_decimal | non_null_date | non_null_timestamp | non_null_interval 
------------+---------------+--------------+----------------+-----------------+------------------+---------------+--------------------+-------------------
          5 |             4 |            4 |              4 |               4 |                4 |             4 |                  4 |                 4
(1 row)

SELECT * FROM type_test_table;
NOTICE:  [PGX-LOWER] Routing through PGX_LOWER compilation
 bool_col | int2_col | int4_col | int8_col  | float4_col |   float8_col   | string_col |  char_col  |     text_col     | decimal_col | numeric_col |  date_col  |          timestamp_col          | interval_col  
----------+----------+----------+-----------+------------+----------------+------------+------------+------------------+-------------+-------------+------------+---------------------------------+---------------
 t        |      100 |     1000 |    100000 |       3.14 |  3.14159265359 | hello      | fixed      | longer text here |     1245.67 |   9865.4321 | 01-15-2024 | Mon Jan 15 10:30:00 2024        | @ 120 hours
 f        |     -200 |    -2000 |   -200000 |      -2.71 | -2.71828182846 | world      | test       | another text     |    -9999.99 |  -1245.6789 | 06-30-2024 | Sun Jun 30 14:45:30.123 2024    | @ 2160 hours
 t        |      322 |    21474 | 922337203 |   1.23e+10 |       1.23e+20 | special!@# | chars$%^   | third text       |     9999.99 |  9999.99999 | 12-31-2024 | Tue Dec 31 23:59:59.999999 2024 | @ 10080 hours
          |          |          |           |            |                |            |            |                  |             |             |            |                                 | 
 f        |        0 |        0 |         0 |          0 |              0 |            |            |                  |           0 |           0 | 02-29-2024 | Thu Feb 29 00:00:00 2024        | @ 0
(5 rows)

DROP TABLE type_test_table;
