LOAD
'pgx_lower.so';
DROP TABLE IF EXISTS test;
CREATE TABLE test
(
    id            SERIAL PRIMARY KEY,
    integer_value INTEGER,
    big_value     BIGINT,
    boolean_flag  BOOLEAN,
    text_field    TEXT,
    category_name VARCHAR(20),
    amount_cents  INTEGER
);
INSERT INTO test (integer_value, big_value, boolean_flag, text_field, category_name, amount_cents)
SELECT (1000 + i),
       (1000000000000 + i)::BIGINT, i % 2 = 0,
    'Description ' || i,
    CASE i % 3 WHEN 0 THEN 'Electronics' WHEN 1 THEN 'Books' ELSE 'Toys'
END
,
    (10000 + i * 100)
FROM generate_series(1, 5) AS s(i);
SELECT id, integer_value, big_value
FROM test;
NOTICE:  [PGX-LOWER] Routing through PGX_LOWER compilation
 id | integer_value |   big_value   
----+---------------+---------------
  1 |          1001 | 1000000000001
  2 |          1002 | 1000000000002
  3 |          1003 | 1000000000003
  4 |          1004 | 1000000000004
  5 |          1005 | 1000000000005
(5 rows)

SELECT category_name, text_field
FROM test;
NOTICE:  [PGX-LOWER] Routing through PGX_LOWER compilation
 category_name |  text_field   
---------------+---------------
 Books         | Description 1
 Toys          | Description 2
 Electronics   | Description 3
 Books         | Description 4
 Toys          | Description 5
(5 rows)

SELECT id, boolean_flag, text_field
FROM test;
NOTICE:  [PGX-LOWER] Routing through PGX_LOWER compilation
 id | boolean_flag |  text_field   
----+--------------+---------------
  1 | f            | Description 1
  2 | t            | Description 2
  3 | f            | Description 3
  4 | t            | Description 4
  5 | f            | Description 5
(5 rows)

SELECT id, integer_value, big_value, boolean_flag, text_field, category_name, amount_cents
FROM test;
NOTICE:  [PGX-LOWER] Routing through PGX_LOWER compilation
 id | integer_value |   big_value   | boolean_flag |  text_field   | category_name | amount_cents 
----+---------------+---------------+--------------+---------------+---------------+--------------
  1 |          1001 | 1000000000001 | f            | Description 1 | Books         |        10100
  2 |          1002 | 1000000000002 | t            | Description 2 | Toys          |        10200
  3 |          1003 | 1000000000003 | f            | Description 3 | Electronics   |        10300
  4 |          1004 | 1000000000004 | t            | Description 4 | Books         |        10400
  5 |          1005 | 1000000000005 | f            | Description 5 | Toys          |        10500
(5 rows)

DROP TABLE test;
